{ 
    "autoAdd": false,
    "autoBlock": false,
    "autoJoin": true,
    "autoCancel":{"on":true,"members":10},	
    "autoLeave": true,
    "autoRead": false,
    "leaveRoom": false,
    "detectMention": true,
    "checkSticker": false,
    "checkContact": false,
    "checkPost": false,
    "kickMention": false,
    "potoMention": true,
    "delayMention": false,
    "lang":"JP",
    "Wc": false,
    "Lv": false,
    "Nk": false,
    "Api": false,
    "Aip": false,
    "blacklist":{},
    "winvite": false,
    "wblacklist": false,
    "dblacklist": false,
    "gift":false,
    "likeOn":true,
    "timeline":false,
    "commentOn":true,
    "commentBlack":{},
    "wblack": false,
    "dblack": false,
    "clock": false,
    "cName":"",
    "cNames":"",
    "changeGroupPicture": [],
    "changePictureProfile":false,
    "unsendMessage": false,
    "autoJoinTicket": false,
    "welcome":"Hello Welcome ",
    "kick":"กาก",
    "bye":"Good bye..",
    "Respontag":"เหมือนเหงา ?",
    "eror":"??????????????? ????????????????? ????????????????????? ???????????? *.??*????????? ?? ???????????",
    "spam":{},
    "invite": {},
    "winvite": false,
    "pnharfbot": {},
    "pname": {},
    "pro_name": {},
    "message1":"??????????+?????????+???????\n????????????????????\n????????????????????SAMURAI\n????300?????????????\n#??????????????????100??\n????????????..???python3????????????????????????????????????????\n(?????????????????????15?????????)\nselfbot by:\n????????????????\n??????RED?SAMURAI????? \n????????????????",
    "message":"????????????????????? Selfbot By ?????RED?SAMURI????????????????????????????????????????????????????????????????????????????????\n?????????????????????????????? unblock????????RED?SAMURI???????????????????????????????????????",
    "userAgent": [
        "Mozilla/5.0 (X11; U; Linux i586; de; rv:5.0) Gecko/20100101 Firefox/5.0",
        "Mozilla/5.0 (X11; U; Linux amd64; rv:5.0) Gecko/20100101 Firefox/5.0 (Debian)",
        "Mozilla/5.0 (X11; U; Linux amd64; en-US; rv:5.0) Gecko/20110619 Firefox/5.0",
        "Mozilla/5.0 (X11; Linux) Gecko Firefox/5.0",
        "Mozilla/5.0 (X11; Linux x86_64; rv:5.0) Gecko/20100101 Firefox/5.0 FirePHP/0.5",
        "Mozilla/5.0 (X11; Linux x86_64; rv:5.0) Gecko/20100101 Firefox/5.0 Firefox/5.0",
        "Mozilla/5.0 (X11; Linux x86_64) Gecko Firefox/5.0",
        "Mozilla/5.0 (X11; Linux ppc; rv:5.0) Gecko/20100101 Firefox/5.0",
        "Mozilla/5.0 (X11; Linux AMD64) Gecko Firefox/5.0",
        "Mozilla/5.0 (X11; FreeBSD amd64; rv:5.0) Gecko/20100101 Firefox/5.0",
        "Mozilla/5.0 (Windows NT 6.2; WOW64; rv:5.0) Gecko/20100101 Firefox/5.0",
        "Mozilla/5.0 (Windows NT 6.1; Win64; x64; rv:5.0) Gecko/20110619 Firefox/5.0",
        "Mozilla/5.0 (Windows NT 6.1; Win64; x64; rv:5.0) Gecko/20100101 Firefox/5.0",
        "Mozilla/5.0 (Windows NT 6.1; rv:6.0) Gecko/20100101 Firefox/5.0",
        "Mozilla/5.0 (Windows NT 6.1.1; rv:5.0) Gecko/20100101 Firefox/5.0",
        "Mozilla/5.0 (Windows NT 5.2; WOW64; rv:5.0) Gecko/20100101 Firefox/5.0",
        "Mozilla/5.0 (Windows NT 5.1; U; rv:5.0) Gecko/20100101 Firefox/5.0",
        "Mozilla/5.0 (Windows NT 5.1; rv:2.0.1) Gecko/20100101 Firefox/5.0",
        "Mozilla/5.0 (Windows NT 5.0; WOW64; rv:5.0) Gecko/20100101 Firefox/5.0",
        "Mozilla/5.0 (Windows NT 5.0; rv:5.0) Gecko/20100101 Firefox/5.0"
    ],
    "mimic": {
        "copy": false,
        "status": false,
        "target": {}
    }
}
