{
    "Aip": false,
    "Api": true,
    "Lv": false,
    "Nk": false,
    "Respontag": "   •❌•ตอบแทคอัติโนมัติ•❌•\n                       /¯ )\n                     /¯  /   \n                   /    /\n             /´¯/'   '/´¯¯`•¸\n          /'/   /    /       /¨¯\\    \n        ('(   (   (   (  ¯~/'  ')\n         \\                  '     /\n          \\                 _.•´ \n            \\                     ❌🅘🅝🅘 🅙🅐🅡🅘 🅣🅔🅝🅖🅐🅗❌ \n       ❌🅑🅤🅐🅣 🅛🅞 🅢🅔🅜🅤🅐 ❌\n【W͢E͢ A͢R͢E͢ T͢E͢A͢M͢ S͢A͢M͢U͢R͢A͢I͢ 】",
    "Wc": false,
    "addPesan": "🙏สวัสดีครับ🙏เพื่อนใหม่\n👉สนใจทำเซลบอท แก้ไฟลเซล เพิ่มไฟลเซล สอนทำเซล กด1\n👉สนใจทำปก ทำดิส กด2\n👉สนใจสั่งตั๋วสิริ ลงบอทสิริ บอทapi กด3\n👉สนใจเช่าเซิฟ Vps กด4\n👉สนใจสั่งซื้อสติ๊กเกอร์ ทีมไลน์ กด5\n👉แอดมาเก็บคท กด6\n👉แอดแล้วไม่พูดไม่ทัก กดบล็อค\n👉แต่ถ้าทักแล้วไม่ตอบ. หรือตอบช้า โทรมาเบอร์นี้เลยคับ 094 634 5913 @!",
    "addSticker": {
        "name": "",
        "status": false
    },
    "autoAdd": false,
    "autoBlock": false,
    "autoCancel": {
        "members": 10,
        "on": true
    },
    "autoJoin": false,
    "autoJoinTicket": false,
    "autoLeave": false,
    "autoRead": false,
    "autoReply": false,
    "blacklist": {},
    "botcancel": false,
    "bye": "คุณยังไม่ได้ตั้งข้อความคนออก",
    "cName": "",
    "cNames": "",
    "changeGroupPicture": [],
    "changePictureProfile": false,
    "changeProfileVideo": {
        "picture": "tmp/pict.bin",
        "stage": 2,
        "status": true,
        "video": "/tmp/linepy-1528384030-7.bin"
    },
    "changeVideo": false,
    "chatMessage": "dih",
    "checkContact": false,
    "checkPost": false,
    "checkSticker": false,
    "clock": false,
    "comment": "  💗RED SAMURAI SELFBOT💗 \n🎁🎁🎁🎁🎁🎁🎁🎁🎁🎁🎁\n🎀รับแก้ไฟล์+เพิ่มไฟล์+แก้ภาษา\n💝ราคาดูที่หน้างาน\n📌มีบริการให้เช่าเซลบอท SAMURAI \n📌ร่างครึ่งคนครึ่งบอท\n📌ราคาว่ากันตามคุณภาพนะครับ\n📌ราคา200บาทต่อเดือน (ถูกมาก..)\n📌เพิ่มคิกเกอร์ตัวละ100👌\n👉บินได้ครับ\n👉รันได้ครับ\n👉ป้องกันกลุ่มเจอบินได้\n👉มีเปิดปิดแสกนคำหยาบกับบอทบิน\n👉แอบดูคนอ่านแบบดึง คท.ได้\n👉แทคได้ทั้งห้อง\n👉แทคแบบสั่งจำนวนเป็นรายบุคคลได้\n👉แทคแบบสั่งจำนวนในแชทส่วนตัวได้\n👉รันแชทได้\n👉สั่งบล็อคใครก็ได้\n👉สั่งเพิ่มเพื่อนแบบแทคได้\n👉ลบแชทได้\n👉กันรันได้100%\n👉ลบรันได้\n👉มุดลิ้งได้\n👉เช็คโพส,เช็คคท,เช็คข้อมูลคนอื่นได้\n👉เช็คข้อมูลตัวเอง,เช็คข้อมูลกลุ่มได้\n👉ปฏิเสธคำเชิญแบบใส่ข้อความลงไปได้\n👉ดึงห้องรวมได้\n👉ตั้งปฏิเสธกลุ่มเชิญตามจำนวนสมาชิกได้\n👉เล่นเซลในแชทสตได้\n👉ตั้งข้อความคนเข้าคนออกได้\n👉ตั้งข้อความคนลบสมาชิกได้\n👉ตั้งข้อความคนแอดได้\n👉สมารถเรียกดูการตั้งค่าข้อความได้ทั้งหมด\n👉ตั้งหรือลบสติ๊กเกอร์ คนเข้า คนออก คนลบ\n👉ตั้งหรือลบสติ๊กเกอร์ คนแอด คนแอบ คนแทค\n👉ตั้งคำห้ามพิม ใครพิมจะโดนเตะ\n👉ถามปัญหาได้ทุกคำถาม\n👉สั่งเขียนข้อความได้ตามใจ\n👉ดึงคท จากไอดีไลน์ หรือจาก mid ได้\n👉อัพเดตลูกเล่นใหม่ๆทุกเดือน\n🍷มีความสามารถอีกเยอะดูเอาระกัน🍷\n🎀สนใจรีบทัก🎀\n🎉บอทpython3ฟังชั่นล้นหลาม คุณภาพแน่นปึ๊ก\n🎁กำลังรอให้คุณเป็นเจ้าของ....\n╔══════════════┓\n╠™❍✯͜͡RED™SAMURAI✯͜͡❂➣ \n╚══════════════┛\n🎀รับทำชื่อ🎀ทำตัส🎀ทำดิส🎀ทำปก🎀\n🎀ราคากันเอง..ไม่แพงแน่นอน🎀（＾ω＾）\n\nสนใจทักมาได้ที่  👇👇👇👇👇👇👇👇👇\n1. https://line.me/ti/p/~samuri5\n\nหรือโทรมาได้ที่เบอร์นี้ 👇👇👇👇👇👇\n1. โทร📲0946345913📞\n2. โทร📲0631041275📞\nขอแสดงความนับถือ\nจากทีมงาน SAMURAI ทุกคน",
    "commentBlack": {},
    "commentOn": true,
    "dblack": false,
    "dblacklist": false,
    "delayMention": false,
    "detectMention": true,
    "detectMentionPM": false,
    "dwhitelist": false,
    "eror": "คุณใช้คำสั่งผิด กรุณาศึกษาวิธีใช้ หรือสอบถามกับผู้สร้าง โดยพิมคำสั่ง *.ผส*เพื่อแสดง คท ของผู้สร้าง",
    "gift": false,
    "invite": {},
    "kick": "คุณยังไม่ได้ตั้งข้อความคนลบ",
    "kickMention": false,
    "ksticker": false,
    "lang": "JP",
    "leaveRoom": false,
    "likeOn": false,
    "mentionPesan": " ว่าไง? ที่รัก􀄃􀈻",
    "message": "สวัสดีครับ เพื่อนใหม่ \nขอบคุณที่แอดผมเป็นเพื่อนนะครับ \nสนใจรับบริการเรื่องใด เชิญอ่านที่ใบโปรข้างล่างได้เลยครับ\n💝👇👇👇👇👇👇👇👇👇👇💝",
    "message1": "รับแก้ไฟล์+เพิ่มไฟล์+แก้ภาษา\n💝ราคาดูที่หน้างาน💝\n👉มีบริการให้เช่าบอทSAMURAI\nราคา300บาทต่อเดือน💖\n#เพิ่มคิกเกอร์ตัวละ100👌\n🎀สนใจรีบทัก..บอทpython3ฟังชั่นล้นหลาม🎁กำลังรอให้คุณเป็นเจ้าของ\nselfbot by:\n╔══════════════┓\n╠™❍✯͜͡RED™SAMURAI✯͜͡❂➣ \n╚══════════════┛",
    "messageSticker": {
        "addName": "",
        "addStatus": false,
        "listSticker": {
            "addSticker": {
                "STKID": "409",
                "STKPKGID": "1",
                "STKVER": "100"
            },
            "kickSticker": {
                "STKID": "123",
                "STKPKGID": "1",
                "STKVER": "100"
            },
            "leaveSticker": {
                "STKID": "51626533",
                "STKPKGID": "11538",
                "STKVER": "1"
            },
            "readerSticker": {
                "STKID": "51626530",
                "STKPKGID": "11538",
                "STKVER": "1"
            },
            "responSticker": {
                "STKID": "103",
                "STKPKGID": "1",
                "STKVER": "100"
            },
            "sleepSticker": "",
            "welcomeSticker": {
                "STKID": "51626527",
                "STKPKGID": "11538",
                "STKVER": "1"
            }
        }
    },
    "mimic": {
        "copy": false,
        "status": false,
        "target": {}
    },
    "notag": false,
    "pcancel": false,
    "pinvite": false,
    "pmMessage": "ว่างัยครับว่างเดื้ยวเห็นข้อความจะมาตอบนะครับ",
    "pname": {},
    "pnharfbot": {},
    "potoMention": false,
    "pro_name": {},
    "qrp": false,
    "readerPesan": " แอบทมายเดะจิ้มตาบอด",
    "replyPesan": "Sorry , i'm busy right now.",
    "responGc": true,
    "responcall": false,
    "responcallgc": false,
    "restartPoint": "c07540238e0ddffa5187313406f7f3c67",
    "server": "VPS",
    "spam": {},
    "timeRestart": "18000",
    "timeline": false,
    "unsendMessage": false,
    "userAgent": [
        "Mozilla/5.0 (X11; U; Linux i586; de; rv:5.0) Gecko/20100101 Firefox/5.0",
        "Mozilla/5.0 (X11; U; Linux amd64; rv:5.0) Gecko/20100101 Firefox/5.0 (Debian)",
        "Mozilla/5.0 (X11; U; Linux amd64; en-US; rv:5.0) Gecko/20110619 Firefox/5.0",
        "Mozilla/5.0 (X11; Linux) Gecko Firefox/5.0",
        "Mozilla/5.0 (X11; Linux x86_64; rv:5.0) Gecko/20100101 Firefox/5.0 FirePHP/0.5",
        "Mozilla/5.0 (X11; Linux x86_64; rv:5.0) Gecko/20100101 Firefox/5.0 Firefox/5.0",
        "Mozilla/5.0 (X11; Linux x86_64) Gecko Firefox/5.0",
        "Mozilla/5.0 (X11; Linux ppc; rv:5.0) Gecko/20100101 Firefox/5.0",
        "Mozilla/5.0 (X11; Linux AMD64) Gecko Firefox/5.0",
        "Mozilla/5.0 (X11; FreeBSD amd64; rv:5.0) Gecko/20100101 Firefox/5.0",
        "Mozilla/5.0 (Windows NT 6.2; WOW64; rv:5.0) Gecko/20100101 Firefox/5.0",
        "Mozilla/5.0 (Windows NT 6.1; Win64; x64; rv:5.0) Gecko/20110619 Firefox/5.0",
        "Mozilla/5.0 (Windows NT 6.1; Win64; x64; rv:5.0) Gecko/20100101 Firefox/5.0",
        "Mozilla/5.0 (Windows NT 6.1; rv:6.0) Gecko/20100101 Firefox/5.0",
        "Mozilla/5.0 (Windows NT 6.1.1; rv:5.0) Gecko/20100101 Firefox/5.0",
        "Mozilla/5.0 (Windows NT 5.2; WOW64; rv:5.0) Gecko/20100101 Firefox/5.0",
        "Mozilla/5.0 (Windows NT 5.1; U; rv:5.0) Gecko/20100101 Firefox/5.0",
        "Mozilla/5.0 (Windows NT 5.1; rv:2.0.1) Gecko/20100101 Firefox/5.0",
        "Mozilla/5.0 (Windows NT 5.0; WOW64; rv:5.0) Gecko/20100101 Firefox/5.0",
        "Mozilla/5.0 (Windows NT 5.0; rv:5.0) Gecko/20100101 Firefox/5.0"
    ],
    "userMentioned": false,
    "wbanlist": {},
    "wblack": false,
    "wblacklist": false,
    "welcome": "คุณยังไม่ได้ตั้งข้อความคนเข้า",
    "winvite": false
}